[{"model": "admin.logentry", "pk": 1, "fields": {"action_time": "2026-03-11T12:59:07.813Z", "user": 1, "content_type": 2, "object_id": "1", "object_repr": "moderator", "action_flag": 1, "change_message": "[{\"added\": {}}]"}}, {"model": "admin.logentry", "pk": 2, "fields": {"action_time": "2026-03-11T12:59:30.660Z", "user": 1, "content_type": 11, "object_id": "2", "object_repr": "ArtemYandexTest", "action_flag": 2, "change_message": "[{\"changed\": {\"fields\": [\"Groups\"]}}]"}}, {"model": "admin.logentry", "pk": 3, "fields": {"action_time": "2026-03-12T08:42:25.996Z", "user": 1, "content_type": 2, "object_id": "2", "object_repr": "Social", "action_flag": 1, "change_message": "[{\"added\": {}}]"}}, {"model": "admin.logentry", "pk": 4, "fields": {"action_time": "2026-03-17T08:54:23.937Z", "user": 1, "content_type": 18, "object_id": "1", "object_repr": "samblog.ru", "action_flag": 2, "change_message": "[{\"changed\": {\"fields\": [\"Domain name\", \"Display name\"]}}]"}}, {"model": "admin.logentry", "pk": 5, "fields": {"action_time": "2026-03-18T06:57:06.847Z", "user": 1, "content_type": 11, "object_id": "6", "object_repr": "sm_art", "action_flag": 2, "change_message": "[{\"changed\": {\"fields\": [\"Staff status\", \"Superuser status\"]}}]"}}, {"model": "admin.logentry", "pk": 6, "fields": {"action_time": "2026-03-23T14:26:23.917Z", "user": 1, "content_type": 11, "object_id": "2", "object_repr": "ArtemYandexTest", "action_flag": 2, "change_message": "[{\"changed\": {\"fields\": [\"Groups\"]}}]"}}, {"model": "admin.logentry", "pk": 7, "fields": {"action_time": "2026-03-23T14:30:52.928Z", "user": 1, "content_type": 2, "object_id": "3", "object_repr": "user", "action_flag": 1, "change_message": "[{\"added\": {}}]"}}, {"model": "admin.logentry", "pk": 8, "fields": {"action_time": "2026-03-23T14:31:22.941Z", "user": 1, "content_type": 11, "object_id": "2", "object_repr": "ArtemYandexTest", "action_flag": 2, "change_message": "[{\"changed\": {\"fields\": [\"Groups\"]}}]"}}, {"model": "admin.logentry", "pk": 9, "fields": {"action_time": "2026-03-23T14:33:27.450Z", "user": 1, "content_type": 2, "object_id": "3", "object_repr": "user", "action_flag": 2, "change_message": "[{\"changed\": {\"fields\": [\"Permissions\"]}}]"}}, {"model": "admin.logentry", "pk": 10, "fields": {"action_time": "2026-03-24T06:36:45.134Z", "user": 1, "content_type": 11, "object_id": "2", "object_repr": "ArtemYandexTest", "action_flag": 2, "change_message": "[{\"changed\": {\"fields\": [\"Groups\"]}}]"}}, {"model": "admin.logentry", "pk": 11, "fields": {"action_time": "2026-03-31T13:20:41.667Z", "user": 1, "content_type": 9, "object_id": "7", "object_repr": "Железная Хватка", "action_flag": 3, "change_message": ""}}, {"model": "admin.logentry", "pk": 12, "fields": {"action_time": "2026-03-31T13:29:26.064Z", "user": 1, "content_type": 9, "object_id": "8", "object_repr": "Железная Хватка", "action_flag": 1, "change_message": "[{\"added\": {}}]"}}, {"model": "admin.logentry", "pk": 13, "fields": {"action_time": "2026-03-31T13:30:41.940Z", "user": 1, "content_type": 7, "object_id": "4", "object_repr": "Выступление у Вадима 21.12.2019", "action_flag": 2, "change_message": "[{\"changed\": {\"fields\": [\"\\u0422\\u0435\\u0433\\u0438\"]}}]"}}, {"model": "admin.logentry", "pk": 14, "fields": {"action_time": "2026-04-01T09:52:59.239Z", "user": 1, "content_type": 19, "object_id": "3", "object_repr": "sm.art88@yandex.ru", "action_flag": 2, "change_message": "[{\"changed\": {\"fields\": [\"\\u0417\\u0430\\u0432\\u0435\\u0440\\u0448\\u0451\\u043d\"]}}]"}}, {"model": "admin.logentry", "pk": 15, "fields": {"action_time": "2026-04-02T13:23:42.034Z", "user": 1, "content_type": 9, "object_id": "3", "object_repr": "Герда", "action_flag": 2, "change_message": "[{\"changed\": {\"fields\": [\"Title\", \"Slug\"]}}]"}}, {"model": "admin.logentry", "pk": 16, "fields": {"action_time": "2026-04-02T13:24:40.899Z", "user": 1, "content_type": 9, "object_id": "4", "object_repr": "Амур", "action_flag": 2, "change_message": "[{\"changed\": {\"fields\": [\"Title\", \"Slug\"]}}]"}}, {"model": "admin.logentry", "pk": 17, "fields": {"action_time": "2026-04-02T13:25:31.097Z", "user": 1, "content_type": 9, "object_id": "5", "object_repr": "Природа", "action_flag": 2, "change_message": "[{\"changed\": {\"fields\": [\"Title\", \"Slug\"]}}]"}}, {"model": "admin.logentry", "pk": 18, "fields": {"action_time": "2026-04-02T13:25:49.959Z", "user": 1, "content_type": 9, "object_id": "6", "object_repr": "Город", "action_flag": 2, "change_message": "[{\"changed\": {\"fields\": [\"Title\", \"Slug\"]}}]"}}, {"model": "admin.logentry", "pk": 19, "fields": {"action_time": "2026-04-02T14:38:47.948Z", "user": 1, "content_type": 19, "object_id": "5", "object_repr": "sm.art88@yandex.ru", "action_flag": 2, "change_message": "[{\"changed\": {\"fields\": [\"\\u0417\\u0430\\u0432\\u0435\\u0440\\u0448\\u0451\\u043d\"]}}]"}}, {"model": "admin.logentry", "pk": 20, "fields": {"action_time": "2026-04-02T14:38:52.100Z", "user": 1, "content_type": 19, "object_id": "4", "object_repr": "sm.art88@yandex.ru", "action_flag": 2, "change_message": "[{\"changed\": {\"fields\": [\"\\u0417\\u0430\\u0432\\u0435\\u0440\\u0448\\u0451\\u043d\"]}}]"}}, {"model": "admin.logentry", "pk": 21, "fields": {"action_time": "2026-04-02T14:38:55.959Z", "user": 1, "content_type": 19, "object_id": "2", "object_repr": "sm.art88@yandex.ru", "action_flag": 2, "change_message": "[{\"changed\": {\"fields\": [\"\\u0417\\u0430\\u0432\\u0435\\u0440\\u0448\\u0451\\u043d\"]}}]"}}, {"model": "admin.logentry", "pk": 22, "fields": {"action_time": "2026-04-02T14:38:59.957Z", "user": 1, "content_type": 19, "object_id": "1", "object_repr": "sm.art88@yandex.ru", "action_flag": 2, "change_message": "[{\"changed\": {\"fields\": [\"\\u0417\\u0430\\u0432\\u0435\\u0440\\u0448\\u0451\\u043d\"]}}]"}}, {"model": "admin.logentry", "pk": 23, "fields": {"action_time": "2026-04-02T14:40:09.803Z", "user": 1, "content_type": 6, "object_id": "4", "object_repr": "Музыка", "action_flag": 2, "change_message": "[{\"changed\": {\"fields\": [\"\\u0418\\u043c\\u044f \\u043a\\u0430\\u0442\\u0435\\u0433\\u043e\\u0440\\u0438\\u0438\", \"\\u0421\\u043b\\u0430\\u0433\"]}}]"}}, {"model": "admin.logentry", "pk": 24, "fields": {"action_time": "2026-04-02T14:40:20.298Z", "user": 1, "content_type": 6, "object_id": "5", "object_repr": "Спорт", "action_flag": 1, "change_message": "[{\"added\": {}}]"}}, {"model": "admin.logentry", "pk": 25, "fields": {"action_time": "2026-04-02T14:40:43.316Z", "user": 1, "content_type": 6, "object_id": "4", "object_repr": "Музыка", "action_flag": 2, "change_message": "[{\"changed\": {\"fields\": [\"\\u0421\\u043b\\u0430\\u0433\"]}}]"}}, {"model": "admin.logentry", "pk": 26, "fields": {"action_time": "2026-04-02T14:43:08.664Z", "user": 1, "content_type": 7, "object_id": "1", "object_repr": "Тестовая статья 1", "action_flag": 2, "change_message": "[{\"changed\": {\"fields\": [\"\\u041a\\u0430\\u0442\\u0435\\u0433\\u043e\\u0440\\u0438\\u044f\"]}}]"}}, {"model": "admin.logentry", "pk": 27, "fields": {"action_time": "2026-04-02T14:43:21.176Z", "user": 1, "content_type": 7, "object_id": "3", "object_repr": "Тестовая статья 3.", "action_flag": 2, "change_message": "[{\"changed\": {\"fields\": [\"\\u041a\\u0430\\u0442\\u0435\\u0433\\u043e\\u0440\\u0438\\u044f\"]}}]"}}, {"model": "admin.logentry", "pk": 28, "fields": {"action_time": "2026-04-02T14:43:45.112Z", "user": 1, "content_type": 7, "object_id": "4", "object_repr": "Выступление у Вадима 21.12.2019", "action_flag": 2, "change_message": "[{\"changed\": {\"fields\": [\"\\u041a\\u0430\\u0442\\u0435\\u0433\\u043e\\u0440\\u0438\\u044f\"]}}]"}}, {"model": "admin.logentry", "pk": 29, "fields": {"action_time": "2026-04-02T14:43:51.810Z", "user": 1, "content_type": 7, "object_id": "5", "object_repr": "Пятница. Вечер", "action_flag": 2, "change_message": "[{\"changed\": {\"fields\": [\"\\u041a\\u0430\\u0442\\u0435\\u0433\\u043e\\u0440\\u0438\\u044f\"]}}]"}}, {"model": "admin.logentry", "pk": 30, "fields": {"action_time": "2026-04-02T14:44:01.384Z", "user": 1, "content_type": 7, "object_id": "6", "object_repr": "Тестовая статья 6", "action_flag": 2, "change_message": "[{\"changed\": {\"fields\": [\"\\u041a\\u0430\\u0442\\u0435\\u0433\\u043e\\u0440\\u0438\\u044f\"]}}]"}}, {"model": "admin.logentry", "pk": 31, "fields": {"action_time": "2026-04-02T14:44:10.939Z", "user": 1, "content_type": 7, "object_id": "4", "object_repr": "Выступление у Вадима 21.12.2019", "action_flag": 2, "change_message": "[{\"changed\": {\"fields\": [\"\\u041a\\u0430\\u0442\\u0435\\u0433\\u043e\\u0440\\u0438\\u044f\"]}}]"}}, {"model": "admin.logentry", "pk": 32, "fields": {"action_time": "2026-04-02T14:44:22.905Z", "user": 1, "content_type": 6, "object_id": "4", "object_repr": "Музыка", "action_flag": 3, "change_message": ""}}, {"model": "admin.logentry", "pk": 33, "fields": {"action_time": "2026-04-02T14:44:52.415Z", "user": 1, "content_type": 6, "object_id": "6", "object_repr": "Отдых", "action_flag": 1, "change_message": "[{\"added\": {}}]"}}, {"model": "admin.logentry", "pk": 34, "fields": {"action_time": "2026-04-02T14:45:33.510Z", "user": 1, "content_type": 6, "object_id": "7", "object_repr": "Разное", "action_flag": 1, "change_message": "[{\"added\": {}}]"}}, {"model": "admin.logentry", "pk": 35, "fields": {"action_time": "2026-04-02T14:46:12.479Z", "user": 1, "content_type": 7, "object_id": "1", "object_repr": "Тестовая статья 1", "action_flag": 2, "change_message": "[{\"changed\": {\"fields\": [\"\\u041a\\u0430\\u0442\\u0435\\u0433\\u043e\\u0440\\u0438\\u044f\", \"\\u0422\\u0435\\u0433\\u0438\"]}}]"}}, {"model": "admin.logentry", "pk": 36, "fields": {"action_time": "2026-04-02T14:46:46.654Z", "user": 1, "content_type": 7, "object_id": "3", "object_repr": "Тестовая статья 3.", "action_flag": 2, "change_message": "[{\"changed\": {\"fields\": [\"\\u041a\\u0430\\u0442\\u0435\\u0433\\u043e\\u0440\\u0438\\u044f\", \"\\u0422\\u0435\\u0433\\u0438\"]}}]"}}, {"model": "admin.logentry", "pk": 37, "fields": {"action_time": "2026-04-02T14:47:01.273Z", "user": 1, "content_type": 7, "object_id": "4", "object_repr": "Выступление у Вадима 21.12.2019", "action_flag": 2, "change_message": "[{\"changed\": {\"fields\": [\"\\u041a\\u0430\\u0442\\u0435\\u0433\\u043e\\u0440\\u0438\\u044f\", \"\\u0422\\u0435\\u0433\\u0438\"]}}]"}}, {"model": "admin.logentry", "pk": 38, "fields": {"action_time": "2026-04-02T14:47:08.934Z", "user": 1, "content_type": 7, "object_id": "1", "object_repr": "Тестовая статья 1", "action_flag": 2, "change_message": "[]"}}, {"model": "admin.logentry", "pk": 39, "fields": {"action_time": "2026-04-02T14:47:22.775Z", "user": 1, "content_type": 7, "object_id": "2", "object_repr": "Тестовая статья 2.", "action_flag": 2, "change_message": "[]"}}, {"model": "admin.logentry", "pk": 40, "fields": {"action_time": "2026-04-02T14:47:40.688Z", "user": 1, "content_type": 7, "object_id": "5", "object_repr": "Пятница. Вечер", "action_flag": 2, "change_message": "[{\"changed\": {\"fields\": [\"\\u041a\\u0430\\u0442\\u0435\\u0433\\u043e\\u0440\\u0438\\u044f\", \"\\u0422\\u0435\\u0433\\u0438\"]}}]"}}, {"model": "admin.logentry", "pk": 41, "fields": {"action_time": "2026-04-02T14:48:02.663Z", "user": 1, "content_type": 7, "object_id": "6", "object_repr": "Тестовая статья 6", "action_flag": 2, "change_message": "[{\"changed\": {\"fields\": [\"\\u041a\\u0430\\u0442\\u0435\\u0433\\u043e\\u0440\\u0438\\u044f\", \"\\u0422\\u0435\\u0433\\u0438\"]}}]"}}, {"model": "admin.logentry", "pk": 42, "fields": {"action_time": "2026-04-03T16:47:28.511Z", "user": 1, "content_type": 7, "object_id": "2", "object_repr": "Тестовая статья 2.", "action_flag": 2, "change_message": "[{\"changed\": {\"fields\": [\"\\u0421\\u0442\\u0430\\u0442\\u0443\\u0441\"]}}]"}}, {"model": "admin.logentry", "pk": 43, "fields": {"action_time": "2026-04-03T17:21:04.764Z", "user": 1, "content_type": 11, "object_id": "4", "object_repr": "smart-1988", "action_flag": 3, "change_message": ""}}, {"model": "admin.logentry", "pk": 44, "fields": {"action_time": "2026-04-03T17:21:04.764Z", "user": 1, "content_type": 11, "object_id": "3", "object_repr": "test1", "action_flag": 3, "change_message": ""}}, {"model": "admin.logentry", "pk": 45, "fields": {"action_time": "2026-04-03T17:21:04.764Z", "user": 1, "content_type": 11, "object_id": "5", "object_repr": "test6", "action_flag": 3, "change_message": ""}}, {"model": "admin.logentry", "pk": 46, "fields": {"action_time": "2026-04-03T17:21:04.764Z", "user": 1, "content_type": 11, "object_id": "7", "object_repr": "test8", "action_flag": 3, "change_message": ""}}, {"model": "admin.logentry", "pk": 47, "fields": {"action_time": "2026-04-03T17:39:16.543Z", "user": 1, "content_type": 11, "object_id": "1", "object_repr": "root", "action_flag": 2, "change_message": "[{\"changed\": {\"fields\": [\"Last name\"]}}]"}}, {"model": "admin.logentry", "pk": 48, "fields": {"action_time": "2026-04-03T17:54:53.023Z", "user": 1, "content_type": 11, "object_id": "1", "object_repr": "root", "action_flag": 2, "change_message": "[{\"changed\": {\"fields\": [\"Email address\"]}}]"}}, {"model": "admin.logentry", "pk": 49, "fields": {"action_time": "2026-04-03T19:26:08.725Z", "user": 6, "content_type": 6, "object_id": "4", "object_repr": "Разное", "action_flag": 3, "change_message": ""}}, {"model": "admin.logentry", "pk": 50, "fields": {"action_time": "2026-04-03T19:29:42.883Z", "user": 6, "content_type": 7, "object_id": "8", "object_repr": "МКПП Polo седан. Продам, недорого", "action_flag": 2, "change_message": "[{\"changed\": {\"fields\": [\"\\u0414\\u043e\\u043f\\u043e\\u043b\\u043d\\u0438\\u0442\\u0435\\u043b\\u044c\\u043d\\u044b\\u0435 \\u043c\\u0430\\u0442\\u0435\\u0440\\u0438\\u0430\\u043b\\u044b\"]}}]"}}, {"model": "admin.logentry", "pk": 51, "fields": {"action_time": "2026-04-05T01:31:22.177Z", "user": 6, "content_type": 6, "object_id": "8", "object_repr": "Юмор", "action_flag": 1, "change_message": "[{\"added\": {}}]"}}, {"model": "admin.logentry", "pk": 52, "fields": {"action_time": "2026-04-06T08:59:07.836Z", "user": 6, "content_type": 7, "object_id": "24", "object_repr": "Ковидные настроения", "action_flag": 2, "change_message": "[{\"changed\": {\"fields\": [\"\\u0421\\u0442\\u0430\\u0442\\u0443\\u0441\"]}}]"}}, {"model": "admin.logentry", "pk": 53, "fields": {"action_time": "2026-04-06T13:14:28.570Z", "user": 6, "content_type": 21, "object_id": "1", "object_repr": "О сайте", "action_flag": 1, "change_message": "[{\"added\": {}}]"}}, {"model": "admin.logentry", "pk": 54, "fields": {"action_time": "2026-04-06T13:14:54.870Z", "user": 6, "content_type": 21, "object_id": "2", "object_repr": "Об авторе", "action_flag": 1, "change_message": "[{\"added\": {}}]"}}, {"model": "admin.logentry", "pk": 55, "fields": {"action_time": "2026-04-06T13:40:00.043Z", "user": 6, "content_type": 20, "object_id": "1", "object_repr": "Основы Python", "action_flag": 1, "change_message": "[{\"added\": {}}]"}}, {"model": "admin.logentry", "pk": 56, "fields": {"action_time": "2026-04-06T13:40:57.290Z", "user": 6, "content_type": 20, "object_id": "2", "object_repr": "Python ООП", "action_flag": 1, "change_message": "[{\"added\": {}}]"}}, {"model": "admin.logentry", "pk": 57, "fields": {"action_time": "2026-04-06T13:41:56.102Z", "user": 6, "content_type": 20, "object_id": "3", "object_repr": "Django + Docker", "action_flag": 1, "change_message": "[{\"added\": {}}]"}}, {"model": "admin.logentry", "pk": 58, "fields": {"action_time": "2026-04-06T13:42:34.047Z", "user": 6, "content_type": 20, "object_id": "4", "object_repr": "Git и GitHub", "action_flag": 1, "change_message": "[{\"added\": {}}]"}}, {"model": "admin.logentry", "pk": 59, "fields": {"action_time": "2026-04-06T13:43:19.472Z", "user": 6, "content_type": 20, "object_id": "5", "object_repr": "Терминал Linux", "action_flag": 1, "change_message": "[{\"added\": {}}]"}}, {"model": "admin.logentry", "pk": 60, "fields": {"action_time": "2026-04-06T13:44:03.495Z", "user": 6, "content_type": 20, "object_id": "6", "object_repr": "Regex в Python", "action_flag": 1, "change_message": "[{\"added\": {}}]"}}, {"model": "admin.logentry", "pk": 61, "fields": {"action_time": "2026-04-06T13:44:41.098Z", "user": 6, "content_type": 20, "object_id": "7", "object_repr": "SQL", "action_flag": 1, "change_message": "[{\"added\": {}}]"}}, {"model": "admin.logentry", "pk": 62, "fields": {"action_time": "2026-04-06T13:45:53.820Z", "user": 6, "content_type": 20, "object_id": "2", "object_repr": "Python ООП", "action_flag": 2, "change_message": "[{\"changed\": {\"fields\": [\"\\u0418\\u0437\\u043e\\u0431\\u0440\\u0430\\u0436\\u0435\\u043d\\u0438\\u0435\"]}}]"}}, {"model": "admin.logentry", "pk": 63, "fields": {"action_time": "2026-04-06T13:46:02.036Z", "user": 6, "content_type": 20, "object_id": "3", "object_repr": "Django + Docker", "action_flag": 2, "change_message": "[{\"changed\": {\"fields\": [\"\\u0418\\u0437\\u043e\\u0431\\u0440\\u0430\\u0436\\u0435\\u043d\\u0438\\u0435\"]}}]"}}, {"model": "admin.logentry", "pk": 64, "fields": {"action_time": "2026-04-06T13:46:14.727Z", "user": 6, "content_type": 20, "object_id": "4", "object_repr": "Git и GitHub", "action_flag": 2, "change_message": "[{\"changed\": {\"fields\": [\"\\u0418\\u0437\\u043e\\u0431\\u0440\\u0430\\u0436\\u0435\\u043d\\u0438\\u0435\"]}}]"}}, {"model": "admin.logentry", "pk": 65, "fields": {"action_time": "2026-04-06T13:46:34.650Z", "user": 6, "content_type": 20, "object_id": "5", "object_repr": "Терминал Linux", "action_flag": 2, "change_message": "[{\"changed\": {\"fields\": [\"\\u0418\\u0437\\u043e\\u0431\\u0440\\u0430\\u0436\\u0435\\u043d\\u0438\\u0435\"]}}]"}}, {"model": "admin.logentry", "pk": 66, "fields": {"action_time": "2026-04-06T13:46:43.540Z", "user": 6, "content_type": 20, "object_id": "6", "object_repr": "Regex в Python", "action_flag": 2, "change_message": "[{\"changed\": {\"fields\": [\"\\u0418\\u0437\\u043e\\u0431\\u0440\\u0430\\u0436\\u0435\\u043d\\u0438\\u0435\"]}}]"}}, {"model": "admin.logentry", "pk": 67, "fields": {"action_time": "2026-04-06T13:46:50.246Z", "user": 6, "content_type": 20, "object_id": "7", "object_repr": "SQL", "action_flag": 2, "change_message": "[{\"changed\": {\"fields\": [\"\\u0418\\u0437\\u043e\\u0431\\u0440\\u0430\\u0436\\u0435\\u043d\\u0438\\u0435\"]}}]"}}, {"model": "admin.logentry", "pk": 68, "fields": {"action_time": "2026-04-07T13:29:47.134Z", "user": 6, "content_type": 11, "object_id": "2", "object_repr": "ArtemYandexTest", "action_flag": 2, "change_message": "[{\"changed\": {\"fields\": [\"Active\"]}}]"}}, {"model": "admin.logentry", "pk": 69, "fields": {"action_time": "2026-04-07T13:37:10.999Z", "user": 6, "content_type": 11, "object_id": "2", "object_repr": "ArtemYandexTest", "action_flag": 2, "change_message": "[{\"changed\": {\"fields\": [\"Active\"]}}]"}}, {"model": "admin.logentry", "pk": 70, "fields": {"action_time": "2026-04-09T06:47:49.022Z", "user": 1, "content_type": 11, "object_id": "8", "object_repr": "almostem@mail.ru", "action_flag": 3, "change_message": ""}}, {"model": "admin.logentry", "pk": 71, "fields": {"action_time": "2026-04-09T06:47:49.022Z", "user": 1, "content_type": 11, "object_id": "4", "object_repr": "smart-1988", "action_flag": 3, "change_message": ""}}, {"model": "admin.logentry", "pk": 72, "fields": {"action_time": "2026-04-09T06:47:49.022Z", "user": 1, "content_type": 11, "object_id": "7", "object_repr": "test8", "action_flag": 3, "change_message": ""}}, {"model": "admin.logentry", "pk": 73, "fields": {"action_time": "2026-04-09T06:47:49.022Z", "user": 1, "content_type": 11, "object_id": "9", "object_repr": "test9", "action_flag": 3, "change_message": ""}}, {"model": "admin.logentry", "pk": 74, "fields": {"action_time": "2026-04-09T10:12:40.786Z", "user": 6, "content_type": 7, "object_id": "24", "object_repr": "Ковидные настроения", "action_flag": 2, "change_message": "[{\"changed\": {\"fields\": [\"\\u0421\\u0442\\u0430\\u0442\\u0443\\u0441\"]}}]"}}, {"model": "admin.logentry", "pk": 75, "fields": {"action_time": "2026-04-09T10:15:51.178Z", "user": 6, "content_type": 7, "object_id": "24", "object_repr": "Ковидные настроения", "action_flag": 2, "change_message": "[{\"changed\": {\"fields\": [\"\\u0421\\u0442\\u0430\\u0442\\u0443\\u0441\"]}}]"}}, {"model": "admin.logentry", "pk": 76, "fields": {"action_time": "2026-04-09T10:22:02.937Z", "user": 6, "content_type": 6, "object_id": "7", "object_repr": "Всячина", "action_flag": 2, "change_message": "[{\"changed\": {\"fields\": [\"\\u0418\\u043c\\u044f \\u043a\\u0430\\u0442\\u0435\\u0433\\u043e\\u0440\\u0438\\u0438\", \"\\u0421\\u043b\\u0430\\u0433\"]}}]"}}, {"model": "admin.logentry", "pk": 77, "fields": {"action_time": "2026-04-09T13:28:20.747Z", "user": 6, "content_type": 7, "object_id": "27", "object_repr": "Повестка", "action_flag": 2, "change_message": "[{\"changed\": {\"fields\": [\"\\u0421\\u0442\\u0430\\u0442\\u0443\\u0441\"]}}]"}}, {"model": "admin.logentry", "pk": 78, "fields": {"action_time": "2026-04-09T13:28:35.837Z", "user": 6, "content_type": 7, "object_id": "27", "object_repr": "Повестка", "action_flag": 2, "change_message": "[{\"changed\": {\"fields\": [\"\\u0421\\u0442\\u0430\\u0442\\u0443\\u0441\"]}}]"}}, {"model": "admin.logentry", "pk": 79, "fields": {"action_time": "2026-04-09T14:14:17.033Z", "user": 6, "content_type": 21, "object_id": "1", "object_repr": "О сайте", "action_flag": 2, "change_message": "[{\"changed\": {\"fields\": [\"\\u0422\\u0435\\u043a\\u0441\\u0442\"]}}]"}}, {"model": "admin.logentry", "pk": 80, "fields": {"action_time": "2026-04-09T14:14:49.295Z", "user": 6, "content_type": 21, "object_id": "1", "object_repr": "О сайте", "action_flag": 2, "change_message": "[{\"changed\": {\"fields\": [\"\\u0422\\u0435\\u043a\\u0441\\u0442\"]}}]"}}, {"model": "admin.logentry", "pk": 81, "fields": {"action_time": "2026-04-09T14:18:16.208Z", "user": 6, "content_type": 21, "object_id": "1", "object_repr": "О сайте", "action_flag": 2, "change_message": "[{\"changed\": {\"fields\": [\"\\u0422\\u0435\\u043a\\u0441\\u0442\"]}}]"}}, {"model": "admin.logentry", "pk": 82, "fields": {"action_time": "2026-04-09T14:18:51.017Z", "user": 6, "content_type": 21, "object_id": "1", "object_repr": "О сайте", "action_flag": 2, "change_message": "[{\"changed\": {\"fields\": [\"\\u0422\\u0435\\u043a\\u0441\\u0442\"]}}]"}}, {"model": "admin.logentry", "pk": 83, "fields": {"action_time": "2026-04-09T14:28:52.820Z", "user": 6, "content_type": 21, "object_id": "1", "object_repr": "О сайте", "action_flag": 2, "change_message": "[{\"changed\": {\"fields\": [\"\\u0422\\u0435\\u043a\\u0441\\u0442\"]}}]"}}, {"model": "admin.logentry", "pk": 84, "fields": {"action_time": "2026-04-09T14:30:37.156Z", "user": 6, "content_type": 21, "object_id": "1", "object_repr": "О сайте", "action_flag": 2, "change_message": "[{\"changed\": {\"fields\": [\"\\u0422\\u0435\\u043a\\u0441\\u0442\"]}}]"}}, {"model": "auth.permission", "pk": 1, "fields": {"name": "Can add log entry", "content_type": 1, "codename": "add_logentry"}}, {"model": "auth.permission", "pk": 2, "fields": {"name": "Can change log entry", "content_type": 1, "codename": "change_logentry"}}, {"model": "auth.permission", "pk": 3, "fields": {"name": "Can delete log entry", "content_type": 1, "codename": "delete_logentry"}}, {"model": "auth.permission", "pk": 4, "fields": {"name": "Can view log entry", "content_type": 1, "codename": "view_logentry"}}, {"model": "auth.permission", "pk": 5, "fields": {"name": "Can add permission", "content_type": 3, "codename": "add_permission"}}, {"model": "auth.permission", "pk": 6, "fields": {"name": "Can change permission", "content_type": 3, "codename": "change_permission"}}, {"model": "auth.permission", "pk": 7, "fields": {"name": "Can delete permission", "content_type": 3, "codename": "delete_permission"}}, {"model": "auth.permission", "pk": 8, "fields": {"name": "Can view permission", "content_type": 3, "codename": "view_permission"}}, {"model": "auth.permission", "pk": 9, "fields": {"name": "Can add group", "content_type": 2, "codename": "add_group"}}, {"model": "auth.permission", "pk": 10, "fields": {"name": "Can change group", "content_type": 2, "codename": "change_group"}}, {"model": "auth.permission", "pk": 11, "fields": {"name": "Can delete group", "content_type": 2, "codename": "delete_group"}}, {"model": "auth.permission", "pk": 12, "fields": {"name": "Can view group", "content_type": 2, "codename": "view_group"}}, {"model": "auth.permission", "pk": 13, "fields": {"name": "Can add content type", "content_type": 4, "codename": "add_contenttype"}}, {"model": "auth.permission", "pk": 14, "fields": {"name": "Can change content type", "content_type": 4, "codename": "change_contenttype"}}, {"model": "auth.permission", "pk": 15, "fields": {"name": "Can delete content type", "content_type": 4, "codename": "delete_contenttype"}}, {"model": "auth.permission", "pk": 16, "fields": {"name": "Can view content type", "content_type": 4, "codename": "view_contenttype"}}, {"model": "auth.permission", "pk": 17, "fields": {"name": "Can add session", "content_type": 5, "codename": "add_session"}}, {"model": "auth.permission", "pk": 18, "fields": {"name": "Can change session", "content_type": 5, "codename": "change_session"}}, {"model": "auth.permission", "pk": 19, "fields": {"name": "Can delete session", "content_type": 5, "codename": "delete_session"}}, {"model": "auth.permission", "pk": 20, "fields": {"name": "Can view session", "content_type": 5, "codename": "view_session"}}, {"model": "auth.permission", "pk": 21, "fields": {"name": "Can add Категория", "content_type": 6, "codename": "add_category"}}, {"model": "auth.permission", "pk": 22, "fields": {"name": "Can change Категория", "content_type": 6, "codename": "change_category"}}, {"model": "auth.permission", "pk": 23, "fields": {"name": "Can delete Категория", "content_type": 6, "codename": "delete_category"}}, {"model": "auth.permission", "pk": 24, "fields": {"name": "Can view Категория", "content_type": 6, "codename": "view_category"}}, {"model": "auth.permission", "pk": 25, "fields": {"name": "Can add Пост", "content_type": 7, "codename": "add_posts"}}, {"model": "auth.permission", "pk": 26, "fields": {"name": "Can change Пост", "content_type": 7, "codename": "change_posts"}}, {"model": "auth.permission", "pk": 27, "fields": {"name": "Can delete Пост", "content_type": 7, "codename": "delete_posts"}}, {"model": "auth.permission", "pk": 28, "fields": {"name": "Can view Пост", "content_type": 7, "codename": "view_posts"}}, {"model": "auth.permission", "pk": 29, "fields": {"name": "Can add stuff", "content_type": 8, "codename": "add_stuff"}}, {"model": "auth.permission", "pk": 30, "fields": {"name": "Can change stuff", "content_type": 8, "codename": "change_stuff"}}, {"model": "auth.permission", "pk": 31, "fields": {"name": "Can delete stuff", "content_type": 8, "codename": "delete_stuff"}}, {"model": "auth.permission", "pk": 32, "fields": {"name": "Can view stuff", "content_type": 8, "codename": "view_stuff"}}, {"model": "auth.permission", "pk": 33, "fields": {"name": "Can add tag post", "content_type": 9, "codename": "add_tagpost"}}, {"model": "auth.permission", "pk": 34, "fields": {"name": "Can change tag post", "content_type": 9, "codename": "change_tagpost"}}, {"model": "auth.permission", "pk": 35, "fields": {"name": "Can delete tag post", "content_type": 9, "codename": "delete_tagpost"}}, {"model": "auth.permission", "pk": 36, "fields": {"name": "Can view tag post", "content_type": 9, "codename": "view_tagpost"}}, {"model": "auth.permission", "pk": 37, "fields": {"name": "Can add upload files", "content_type": 10, "codename": "add_uploadfiles"}}, {"model": "auth.permission", "pk": 38, "fields": {"name": "Can change upload files", "content_type": 10, "codename": "change_uploadfiles"}}, {"model": "auth.permission", "pk": 39, "fields": {"name": "Can delete upload files", "content_type": 10, "codename": "delete_uploadfiles"}}, {"model": "auth.permission", "pk": 40, "fields": {"name": "Can view upload files", "content_type": 10, "codename": "view_uploadfiles"}}, {"model": "auth.permission", "pk": 41, "fields": {"name": "Can add user", "content_type": 11, "codename": "add_user"}}, {"model": "auth.permission", "pk": 42, "fields": {"name": "Can change user", "content_type": 11, "codename": "change_user"}}, {"model": "auth.permission", "pk": 43, "fields": {"name": "Can delete user", "content_type": 11, "codename": "delete_user"}}, {"model": "auth.permission", "pk": 44, "fields": {"name": "Can view user", "content_type": 11, "codename": "view_user"}}, {"model": "auth.permission", "pk": 45, "fields": {"name": "Social Auth", "content_type": 11, "codename": "social_auth"}}, {"model": "auth.permission", "pk": 46, "fields": {"name": "Can add association", "content_type": 12, "codename": "add_association"}}, {"model": "auth.permission", "pk": 47, "fields": {"name": "Can change association", "content_type": 12, "codename": "change_association"}}, {"model": "auth.permission", "pk": 48, "fields": {"name": "Can delete association", "content_type": 12, "codename": "delete_association"}}, {"model": "auth.permission", "pk": 49, "fields": {"name": "Can view association", "content_type": 12, "codename": "view_association"}}, {"model": "auth.permission", "pk": 50, "fields": {"name": "Can add code", "content_type": 13, "codename": "add_code"}}, {"model": "auth.permission", "pk": 51, "fields": {"name": "Can change code", "content_type": 13, "codename": "change_code"}}, {"model": "auth.permission", "pk": 52, "fields": {"name": "Can delete code", "content_type": 13, "codename": "delete_code"}}, {"model": "auth.permission", "pk": 53, "fields": {"name": "Can view code", "content_type": 13, "codename": "view_code"}}, {"model": "auth.permission", "pk": 54, "fields": {"name": "Can add nonce", "content_type": 14, "codename": "add_nonce"}}, {"model": "auth.permission", "pk": 55, "fields": {"name": "Can change nonce", "content_type": 14, "codename": "change_nonce"}}, {"model": "auth.permission", "pk": 56, "fields": {"name": "Can delete nonce", "content_type": 14, "codename": "delete_nonce"}}, {"model": "auth.permission", "pk": 57, "fields": {"name": "Can view nonce", "content_type": 14, "codename": "view_nonce"}}, {"model": "auth.permission", "pk": 58, "fields": {"name": "Can add user social auth", "content_type": 16, "codename": "add_usersocialauth"}}, {"model": "auth.permission", "pk": 59, "fields": {"name": "Can change user social auth", "content_type": 16, "codename": "change_usersocialauth"}}, {"model": "auth.permission", "pk": 60, "fields": {"name": "Can delete user social auth", "content_type": 16, "codename": "delete_usersocialauth"}}, {"model": "auth.permission", "pk": 61, "fields": {"name": "Can view user social auth", "content_type": 16, "codename": "view_usersocialauth"}}, {"model": "auth.permission", "pk": 62, "fields": {"name": "Can add partial", "content_type": 15, "codename": "add_partial"}}, {"model": "auth.permission", "pk": 63, "fields": {"name": "Can change partial", "content_type": 15, "codename": "change_partial"}}, {"model": "auth.permission", "pk": 64, "fields": {"name": "Can delete partial", "content_type": 15, "codename": "delete_partial"}}, {"model": "auth.permission", "pk": 65, "fields": {"name": "Can view partial", "content_type": 15, "codename": "view_partial"}}, {"model": "auth.permission", "pk": 66, "fields": {"name": "Can add captcha store", "content_type": 17, "codename": "add_captchastore"}}, {"model": "auth.permission", "pk": 67, "fields": {"name": "Can change captcha store", "content_type": 17, "codename": "change_captchastore"}}, {"model": "auth.permission", "pk": 68, "fields": {"name": "Can delete captcha store", "content_type": 17, "codename": "delete_captchastore"}}, {"model": "auth.permission", "pk": 69, "fields": {"name": "Can view captcha store", "content_type": 17, "codename": "view_captchastore"}}, {"model": "auth.permission", "pk": 70, "fields": {"name": "Can add site", "content_type": 18, "codename": "add_site"}}, {"model": "auth.permission", "pk": 71, "fields": {"name": "Can change site", "content_type": 18, "codename": "change_site"}}, {"model": "auth.permission", "pk": 72, "fields": {"name": "Can delete site", "content_type": 18, "codename": "delete_site"}}, {"model": "auth.permission", "pk": 73, "fields": {"name": "Can view site", "content_type": 18, "codename": "view_site"}}, {"model": "auth.permission", "pk": 74, "fields": {"name": "Can add Фидбэк", "content_type": 19, "codename": "add_feedback"}}, {"model": "auth.permission", "pk": 75, "fields": {"name": "Can change Фидбэк", "content_type": 19, "codename": "change_feedback"}}, {"model": "auth.permission", "pk": 76, "fields": {"name": "Can delete Фидбэк", "content_type": 19, "codename": "delete_feedback"}}, {"model": "auth.permission", "pk": 77, "fields": {"name": "Can view Фидбэк", "content_type": 19, "codename": "view_feedback"}}, {"model": "auth.permission", "pk": 78, "fields": {"name": "Can add Сертификат", "content_type": 20, "codename": "add_certificates"}}, {"model": "auth.permission", "pk": 79, "fields": {"name": "Can change Сертификат", "content_type": 20, "codename": "change_certificates"}}, {"model": "auth.permission", "pk": 80, "fields": {"name": "Can delete Сертификат", "content_type": 20, "codename": "delete_certificates"}}, {"model": "auth.permission", "pk": 81, "fields": {"name": "Can view Сертификат", "content_type": 20, "codename": "view_certificates"}}, {"model": "auth.permission", "pk": 82, "fields": {"name": "Can add Описание", "content_type": 21, "codename": "add_sitedescriptions"}}, {"model": "auth.permission", "pk": 83, "fields": {"name": "Can change Описание", "content_type": 21, "codename": "change_sitedescriptions"}}, {"model": "auth.permission", "pk": 84, "fields": {"name": "Can delete Описание", "content_type": 21, "codename": "delete_sitedescriptions"}}, {"model": "auth.permission", "pk": 85, "fields": {"name": "Can view Описание", "content_type": 21, "codename": "view_sitedescriptions"}}, {"model": "auth.group", "pk": 1, "fields": {"name": "moderator", "permissions": [21, 22, 23, 24, 25, 26, 27, 28, 29, 30, 31, 32, 33, 34, 35, 36, 37, 38, 39, 40]}}, {"model": "auth.group", "pk": 2, "fields": {"name": "Social", "permissions": [45]}}, {"model": "auth.group", "pk": 3, "fields": {"name": "user", "permissions": [25, 28, 29, 30, 31, 32]}}, {"model": "contenttypes.contenttype", "pk": 1, "fields": {"app_label": "admin", "model": "logentry"}}, {"model": "contenttypes.contenttype", "pk": 2, "fields": {"app_label": "auth", "model": "group"}}, {"model": "contenttypes.contenttype", "pk": 3, "fields": {"app_label": "auth", "model": "permission"}}, {"model": "contenttypes.contenttype", "pk": 4, "fields": {"app_label": "contenttypes", "model": "contenttype"}}, {"model": "contenttypes.contenttype", "pk": 5, "fields": {"app_label": "sessions", "model": "session"}}, {"model": "contenttypes.contenttype", "pk": 6, "fields": {"app_label": "blog", "model": "category"}}, {"model": "contenttypes.contenttype", "pk": 7, "fields": {"app_label": "blog", "model": "posts"}}, {"model": "contenttypes.contenttype", "pk": 8, "fields": {"app_label": "blog", "model": "stuff"}}, {"model": "contenttypes.contenttype", "pk": 9, "fields": {"app_label": "blog", "model": "tagpost"}}, {"model": "contenttypes.contenttype", "pk": 10, "fields": {"app_label": "blog", "model": "uploadfiles"}}, {"model": "contenttypes.contenttype", "pk": 11, "fields": {"app_label": "users", "model": "user"}}, {"model": "contenttypes.contenttype", "pk": 12, "fields": {"app_label": "social_django", "model": "association"}}, {"model": "contenttypes.contenttype", "pk": 13, "fields": {"app_label": "social_django", "model": "code"}}, {"model": "contenttypes.contenttype", "pk": 14, "fields": {"app_label": "social_django", "model": "nonce"}}, {"model": "contenttypes.contenttype", "pk": 15, "fields": {"app_label": "social_django", "model": "partial"}}, {"model": "contenttypes.contenttype", "pk": 16, "fields": {"app_label": "social_django", "model": "usersocialauth"}}, {"model": "contenttypes.contenttype", "pk": 17, "fields": {"app_label": "captcha", "model": "captchastore"}}, {"model": "contenttypes.contenttype", "pk": 18, "fields": {"app_label": "sites", "model": "site"}}, {"model": "contenttypes.contenttype", "pk": 19, "fields": {"app_label": "blog", "model": "feedback"}}, {"model": "contenttypes.contenttype", "pk": 20, "fields": {"app_label": "blog", "model": "certificates"}}, {"model": "contenttypes.contenttype", "pk": 21, "fields": {"app_label": "blog", "model": "sitedescriptions"}}, {"model": "sessions.session", "pk": "cv5sq8eng5m0rxoz7bys6wg8k4gfpgqq", "fields": {"session_data": ".eJxVi0EOwiAQRe_C2jRlKNPiThPP0QwzEIiKidCV8e6WxIUu_3v_vdRKW0vrVsNzzaKOCtXhl3niayhd9FmHbkJpmanlRxkud8q3087O399fnKimvRRAECcRwdIUHMNiZxZt9CRsUTQvwQEaE50eBWFE642NjiLPITr06v0BF0c22Q:1w8jZS:-6Z-jEtLx_tiAwfIFNy8yLv7xsPb9AjSIrx_f_oOc10", "expire_date": "2026-04-17T18:48:42.637Z"}}, {"model": "sessions.session", "pk": "i5tactignzwn7mkc7aagtp88sg8mh11u", "fields": {"session_data": ".eJxVjL0OgjAYRd-ls2koLaU6GolGkN2p-fpHqwQUiovx3YWEhfXcc-4XNSH6SckxQrTogFg5fHhWOHhHcX21cPLppTqzUNZd3RbVHe2QhCl6OY12kMHMCdkyBfppu2UwD-iaHuu-i0NQeFHwuo741hvbHld3c-Bh9HNtEypA7anhCREgUgrcutSI3DGgjKmMZzpLiJsxaO6I07lRBBLODLjcaPT7A6TcSSc:1w0cUC:k2oyTUov30iSY5uPOesOAePsZ6fM6XZvip9odNcplL4", "expire_date": "2026-03-26T09:37:44.290Z"}}, {"model": "sessions.session", "pk": "tw9kzodvqgrax4tvssvrbpmh3919vgkk", "fields": {"session_data": ".eJxVjEEOwiAQRe_C2pACZdpx6b5nIDADUjWQlHZlvLsh6UK3_73338L5Y8_uaHFzK4urAHH53YKnZywd8MOXe5VUy76tQXZFnrTJpXJ83U737yD7lnutQTNyAm39GJH0bCdiZdTIZIEVzRE1GJNQDQx6ABuMTegTTTEhBPH5AuFIN-s:1wAqaa:-_8zWGvAsAl_le_3Fi7NHxRAyEXPwv-jJINjAD5coS8", "expire_date": "2026-04-23T14:42:36.531Z"}}, {"model": "sessions.session", "pk": "yx33gjfqr5z9856kfudn4lb0h02n89p6", "fields": {"session_data": ".eJxVjMsOwiAQRf-FtSFjyzDg0n2_gQwwlaqBpI-V8d-1SRe6veec-1KBt7WEbZE5TFldlFWn3y1yekjdQb5zvTWdWl3nKepd0Qdd9NCyPK-H-3dQeCnfWoC6fhQCx-BRbDJoorUGYQRxwF5GE3OWXqQjIDwTMvpkHCcSSqjeH92BN-U:1w2kqS:Nr8CyQ4Wm44BmGCCW8aP5juSnBKb1FoPoOYcNsFIGok", "expire_date": "2026-04-01T06:57:32.109Z"}}, {"model": "sessions.session", "pk": "z6zi0twpn80txyd5ffwbgvcfe4d6vbgo", "fields": {"session_data": ".eJxVi0EOwiAQRe_C2jRlKNPiThPP0QwzEIiKidCV8e6WxIUu_3v_vdRKW0vrVsNzzaKOCtXhl3niayhd9FmHbkJpmanlRxkud8q3087O399fnKimvRRAECcRwdIUHMNiZxZt9CRsUTQvwQEaE50eBWFE642NjiLPITr06v0BF0c22Q:1w9AZC:P5ht8OLu1caQoU3aiA5FSIP4ZMXPglS365wPEnecERY", "expire_date": "2026-04-18T23:38:14.232Z"}}, {"model": "sessions.session", "pk": "zvgf4nhhyeosy5rnnsx341vxdhecd0vt", "fields": {"session_data": ".eJxVjDsOwjAQBe_iGll2_IWSnjNY610vDiBHipMKcXcSKQW0M_PeWyRYl5rWXuY0krgILU6_LAM-S9sFPaDdJ4lTW-Yxyz2Rh-3yNlF5XY_276BCr9u6KBMhnw15pSPEwYAvPFAMbMFYm5136JTmDQN61oyBsgblLQEHQvH5Auk2OLM:1w0bwU:ZquAhV9CzGhjbT-SDRN6DDed36RHELg98VmBdK8yjbE", "expire_date": "2026-03-26T09:02:54.815Z"}}, {"model": "blog.posts", "pk": 1, "fields": {"title": "Герда и палочка. 8.01.2026", "slug": "gerda-i-palochka-8012026", "content": "Выезд с друзьями в коттедж. Отдых, шашлыки, общение, квизы, настолки, и всё такое.\r\n\r\nТут Герде стало скучно ждать, когда все соберутся, чтобы ехать домой.", "time_create": "2026-03-11T07:40:52.273Z", "time_update": "2026-04-03T09:35:57.538Z", "is_published": 1, "photo": "photos/2026/03/11/2026-01-08_11-37-56_54227578.JPG", "cat": 6, "stuff": null, "author": null, "tags": [3, 5]}}, {"model": "blog.posts", "pk": 2, "fields": {"title": "Тестовая статья 2.", "slug": "testovaia-statia-2", "content": "Тестовая статья 2. Текст", "time_create": "2026-03-11T07:52:09.208Z", "time_update": "2026-04-03T16:47:28.464Z", "is_published": 0, "photo": "", "cat": 1, "stuff": null, "author": null, "tags": [1, 2]}}, {"model": "blog.posts", "pk": 3, "fields": {"title": "Пятничная пробежка 16.01.2026", "slug": "piatnichnaia-probezhka-16012026", "content": "После работы переодетый сразу же поехал в Реадовку на пробежку. Мороз около 20 градусов, ветра нет - погода прекрасная. По началу мёрзли руки, но спустя 10 минут кровь разогнал, и всё стало хорошо.", "time_create": "2026-03-11T07:52:55.875Z", "time_update": "2026-04-03T09:25:08.749Z", "is_published": 1, "photo": "photos/2026/03/11/2026-01-16_17-28-21.JPG", "cat": 5, "stuff": null, "author": null, "tags": [5]}}, {"model": "blog.posts", "pk": 4, "fields": {"title": "Выступление у Вадима 21.12.2019", "slug": "vystuplenie-u-vadima-21122019", "content": "Размытая фотография с нашего предновогоднего выступления. У Вадима было очень атомосферное помещение - тут тебе и бар, и аппарат с барабанами, и столы со скамейками ручной работы. Репетируй, выступай, отмечай.", "time_create": "2026-03-11T07:53:55.669Z", "time_update": "2026-04-02T14:47:01.266Z", "is_published": 1, "photo": "photos/2026/03/11/2019-12-21_22-41-59.JPG", "cat": 3, "stuff": null, "author": null, "tags": [8]}}, {"model": "blog.posts", "pk": 5, "fields": {"title": "Пятница. Вечер", "slug": "piatnitsa-vecher", "content": "После рабочей недели решили посмотреть фильм втроём. Правда, один из нас смотрел кино не в ту сторону.", "time_create": "2026-03-11T07:54:31.591Z", "time_update": "2026-04-02T14:47:40.683Z", "is_published": 1, "photo": "photos/2026/03/11/2026-02-01_02-52-52.JPG", "cat": 6, "stuff": null, "author": null, "tags": [3]}}, {"model": "blog.posts", "pk": 6, "fields": {"title": "Встречаем новый 2026 год", "slug": "vstrechaem-novyi-2026-god", "content": "Вид из окна в новогоднюю ночь. \r\n\r\n\r\nСогласно постановлению Администрации города Смоленска от 19.12.2025 №1925-адм, с 22.12.2025 по 31.01.2026 на территории Смоленска запрещено применять пиротехнические изделия, за исключением соответствующих I классу опасности (хлопушки, бенгальские огни и аналогичные изделия).\r\n\r\nP.S.: Строгость российских законов компенсируется необязательностью их исполнения. Кстати, а продавать фейерверки можно?", "time_create": "2026-03-24T06:31:27.946Z", "time_update": "2026-04-03T09:24:16.107Z", "is_published": 1, "photo": "photos/2026/03/24/2024-01-01_00-18-59.JPG", "cat": 6, "stuff": null, "author": 2, "tags": [6]}}, {"model": "blog.posts", "pk": 7, "fields": {"title": "2024 год. Первый сертификат по Python", "slug": "2024-god-pervyi-sertifikat-po-python", "content": "Осенью 2024 года решил попробовать себя в программировании. По рекомендациям в интернете нашёл замечательного преподавателя Сергея Балакирева и его курс \"Добрый, добрый Python\" на stepik.org. Я впечатлён!", "time_create": "2026-04-03T19:12:40.955Z", "time_update": "2026-04-03T19:13:50.042Z", "is_published": 1, "photo": "photos/2026/04/03/2026-04-03_21-59-47.png", "cat": 1, "stuff": null, "author": 6, "tags": [2]}}, {"model": "blog.posts", "pk": 8, "fields": {"title": "МКПП Polo седан. Продам, недорого", "slug": "mkpp-polo-sedan-prodam-nedorogo", "content": "14.02.2026 доехал таки до гаража, немного расчистил перед воротами, перетащил туда сломанную коробку. Тяжёлая, сволочь. Заодно сделал видео и фото для продажи. Может, купит кто", "time_create": "2026-04-03T19:21:34.815Z", "time_update": "2026-04-03T19:29:42.881Z", "is_published": 1, "photo": "photos/2026/04/03/2026-02-14_17-47-25.JPG", "cat": 7, "stuff": 1, "author": 6, "tags": []}}, {"model": "blog.posts", "pk": 9, "fields": {"title": "Поездка в гараж", "slug": "poezdka-v-garazh", "content": "Съездил в гараж после январских снегопадов. Добрые соседи забаррикадировали ворота, расчистил проход сбоку.", "time_create": "2026-04-03T19:27:24.412Z", "time_update": "2026-04-03T19:27:35.356Z", "is_published": 1, "photo": "photos/2026/04/03/2026-01-17_15-51-14.JPG", "cat": 7, "stuff": null, "author": 6, "tags": [5]}}, {"model": "blog.posts", "pk": 10, "fields": {"title": "Трудовые будни 20.01.2026", "slug": "trudovye-budni-20012026", "content": "На работе между делом быстренько починил лан-тестер - перепаял микросхему CD4017BM -  десятичный счетчик-делитель. Она обычно сгорает, когда прибор подключают к линии PoE.", "time_create": "2026-04-03T19:35:39.671Z", "time_update": "2026-04-05T00:12:52.117Z", "is_published": 1, "photo": "photos/2026/04/03/2026-01-20_17-45-43.JPG", "cat": 2, "stuff": null, "author": 6, "tags": []}}, {"model": "blog.posts", "pk": 11, "fields": {"title": "Работа над сайтом", "slug": "rabota-nad-saitom", "content": "Начал работу над вот этим самым сайтом седьмого февраля 2026 года с помощью фреймворка Django. Создал  каталог, проект, виртуальное окружение, репозиторий в GitHub, первое приложение, первое представление, которое возвращало ответ в виде объекта HttpResponse, настроил Git, конфигурацию для быстрого запуска локального сервера.", "time_create": "2026-04-03T19:52:48.327Z", "time_update": "2026-04-04T23:41:42.861Z", "is_published": 1, "photo": "photos/2026/04/03/2026-04-03_22-39-57.png", "cat": 1, "stuff": null, "author": 6, "tags": [1, 2]}}, {"model": "blog.posts", "pk": 12, "fields": {"title": "Амур-чик", "slug": "amur-chik", "content": "Любимый кот, живущий у родителей. Забрали его из гончарной мастерской, куда он прибился котёнком с улицы.", "time_create": "2026-04-03T20:02:03.563Z", "time_update": "2026-04-03T20:02:03.563Z", "is_published": 1, "photo": "photos/2026/04/03/2022-10-15_23-13-44.JPG", "cat": 7, "stuff": null, "author": 6, "tags": [4]}}, {"model": "blog.posts", "pk": 13, "fields": {"title": "Утренняя прогулка", "slug": "utrenniaia-progulka", "content": "Вышли погулять с Гердой в субботу утром. Зима в этом году - что надо, я такое очень люблю.", "time_create": "2026-04-03T20:25:59.913Z", "time_update": "2026-04-03T20:25:59.913Z", "is_published": 1, "photo": "photos/2026/04/03/2026-01-17_10-18-50.JPG", "cat": 6, "stuff": null, "author": 6, "tags": [5]}}, {"model": "blog.posts", "pk": 14, "fields": {"title": "Мороз и солнце", "slug": "moroz-i-solntse", "content": "В сильный мороз, бывает, на солнце видны маленькие кристаллики снега.", "time_create": "2026-04-03T20:32:11.645Z", "time_update": "2026-04-03T20:32:31.660Z", "is_published": 1, "photo": "photos/2026/04/03/2026-01-24_13-07-57.JPG", "cat": 6, "stuff": null, "author": 6, "tags": [5, 6]}}, {"model": "blog.posts", "pk": 15, "fields": {"title": "Рассвет за домом", "slug": "rassvet-za-domom", "content": "", "time_create": "2026-04-03T20:34:43.765Z", "time_update": "2026-04-03T20:38:21.142Z", "is_published": 1, "photo": "photos/2026/04/03/2026-01-31_08-58-19.JPG", "cat": 6, "stuff": null, "author": 6, "tags": [5, 6]}}, {"model": "blog.posts", "pk": 16, "fields": {"title": "Хорошо в деревне ... зимой", "slug": "khorosho-v-derevne-zimoi", "content": "Такое вот хозяйство у моего дяди. Отвожу туда родителей, они помогают.", "time_create": "2026-04-03T20:37:45.813Z", "time_update": "2026-04-03T20:37:45.813Z", "is_published": 1, "photo": "photos/2026/04/03/2026-02-21_11-10-55.JPG", "cat": 6, "stuff": null, "author": 6, "tags": []}}, {"model": "blog.posts", "pk": 17, "fields": {"title": "После пробежки с \"5 вёрст\"", "slug": "posle-probezhki-s-5-viorst", "content": "5 вёрст есть, наверное, в каждом более-менее большом городе. Ребята организовывают групповые пробежки по 5 километров каждую субботу, плюс, дополнительно на праздники, в особые даты.\r\nЯ с крестницей тут, но она не бежала :)", "time_create": "2026-04-03T20:52:15.473Z", "time_update": "2026-04-03T20:52:15.473Z", "is_published": 1, "photo": "photos/2026/04/03/mn5SpbCVErU.jpg", "cat": 5, "stuff": null, "author": 6, "tags": [5]}}, {"model": "blog.posts", "pk": 18, "fields": {"title": "Фото в ванной", "slug": "foto-v-vannoi", "content": "Отбил плитку, работой доволен. Ломать - не строить.", "time_create": "2026-04-03T21:01:25.883Z", "time_update": "2026-04-03T21:01:25.883Z", "is_published": 1, "photo": "photos/2026/04/04/2022-01-05_15-52-56.JPG", "cat": 7, "stuff": null, "author": 6, "tags": []}}, {"model": "blog.posts", "pk": 19, "fields": {"title": "Помогаем с фундаментом, 2022 год", "slug": "pomogaem-s-fundamentom-2022-god", "content": "Сейчас тут стоит полноценный двухэтажный дом. Друзья живут.", "time_create": "2026-04-03T21:07:14.544Z", "time_update": "2026-04-03T21:07:45.446Z", "is_published": 1, "photo": "photos/2026/04/04/2022-04-02_09-26-17.JPG", "cat": 7, "stuff": null, "author": 6, "tags": []}}, {"model": "blog.posts", "pk": 20, "fields": {"title": "Природа, красота", "slug": "priroda-krasota", "content": "Выехали отдохнуть c палатками на выходные с нашей дружной компанией.", "time_create": "2026-04-03T21:13:54.809Z", "time_update": "2026-04-03T21:14:22.873Z", "is_published": 1, "photo": "photos/2026/04/04/2022-06-10_20-40-31.JPG", "cat": 6, "stuff": null, "author": 6, "tags": [5]}}, {"model": "blog.posts", "pk": 21, "fields": {"title": "Озеро в заброшенном карьере", "slug": "ozero-v-zabroshennom-karere", "content": "Только в 2022 году узнал, что у нас прямо в городе есть такое озеро. Доехал до него на велике", "time_create": "2026-04-03T21:17:26.472Z", "time_update": "2026-04-03T21:17:54.961Z", "is_published": 1, "photo": "photos/2026/04/04/2022-06-25_17-56-43.JPG", "cat": 5, "stuff": null, "author": 6, "tags": [5, 6]}}, {"model": "blog.posts", "pk": 22, "fields": {"title": "С Андрюхой на великах около ТЭЦ-2, 2019", "slug": "s-andriukhoi-na-velikakh-okolo-tets-2-2019", "content": "Смотрю старые фотки, и слеза наворачивается", "time_create": "2026-04-05T00:52:05.643Z", "time_update": "2026-04-05T00:52:22.795Z", "is_published": 1, "photo": "photos/2026/04/05/2019-05-27_01-32-53.JPG", "cat": 6, "stuff": null, "author": 6, "tags": [5]}}, {"model": "blog.posts", "pk": 23, "fields": {"title": "Амур недоволен", "slug": "amur-nedovolen", "content": "Фиксация кота", "time_create": "2026-04-05T01:08:58.545Z", "time_update": "2026-04-05T01:08:58.545Z", "is_published": 1, "photo": "photos/2026/04/05/2019-07-20_09-05-16_1563602797.JPG", "cat": 7, "stuff": null, "author": 6, "tags": [4]}}, {"model": "blog.posts", "pk": 24, "fields": {"title": "Ковидные настроения", "slug": "kovidnye-nastroeniia", "content": "Никогда не понимал тему с выкупом туалетной бумаги, гречки... смешно же.", "time_create": "2026-04-05T01:35:04.738Z", "time_update": "2026-04-09T10:15:51.176Z", "is_published": 0, "photo": "photos/2026/04/05/2020-03-17_15-56-02.JPG", "cat": 8, "stuff": null, "author": 6, "tags": []}}, {"model": "blog.posts", "pk": 25, "fields": {"title": "Весна, луна", "slug": "vesna-luna", "content": "2020 год. Выехал впервые в году прокатиться на велике.", "time_create": "2026-04-05T01:45:53.513Z", "time_update": "2026-04-05T01:46:22.885Z", "is_published": 1, "photo": "photos/2026/04/05/2020-04-07_19-45-19.JPG", "cat": 5, "stuff": null, "author": 6, "tags": [5]}}, {"model": "blog.posts", "pk": 26, "fields": {"title": "Розовое небо", "slug": "rozovoe-nebo", "content": "На покатушках в 2020 году", "time_create": "2026-04-05T01:59:44.810Z", "time_update": "2026-04-09T10:16:35.783Z", "is_published": 1, "photo": "photos/2026/04/09/2020-04-29_20-20-40.JPG", "cat": 5, "stuff": null, "author": 6, "tags": [5]}}, {"model": "blog.posts", "pk": 27, "fields": {"title": "Повестка", "slug": "povestka", "content": "", "time_create": "2026-04-09T10:15:18.684Z", "time_update": "2026-04-09T13:28:35.835Z", "is_published": 1, "photo": "photos/2026/04/09/176206.jpg", "cat": 8, "stuff": null, "author": 6, "tags": []}}, {"model": "blog.category", "pk": 1, "fields": {"name": "Программирование", "slug": "programmirovanie"}}, {"model": "blog.category", "pk": 2, "fields": {"name": "Работа", "slug": "rabota"}}, {"model": "blog.category", "pk": 3, "fields": {"name": "Музыка", "slug": "musyka"}}, {"model": "blog.category", "pk": 5, "fields": {"name": "Спорт", "slug": "sport"}}, {"model": "blog.category", "pk": 6, "fields": {"name": "Отдых", "slug": "otdyh"}}, {"model": "blog.category", "pk": 7, "fields": {"name": "Всячина", "slug": "vsyachina"}}, {"model": "blog.category", "pk": 8, "fields": {"name": "Юмор", "slug": "yumor"}}, {"model": "blog.tagpost", "pk": 1, "fields": {"title": "Django", "slug": "django"}}, {"model": "blog.tagpost", "pk": 2, "fields": {"title": "Python", "slug": "python"}}, {"model": "blog.tagpost", "pk": 3, "fields": {"title": "Герда", "slug": "gerda"}}, {"model": "blog.tagpost", "pk": 4, "fields": {"title": "Амур", "slug": "amur"}}, {"model": "blog.tagpost", "pk": 5, "fields": {"title": "Природа", "slug": "priroda"}}, {"model": "blog.tagpost", "pk": 6, "fields": {"title": "Город", "slug": "gorod"}}, {"model": "blog.tagpost", "pk": 8, "fields": {"title": "Железная Хватка", "slug": "zheleznaya-hvatka"}}, {"model": "blog.stuff", "pk": 1, "fields": {"title": "кпп", "link": "https://disk.yandex.ru/d/6kybilSrd9YT9w"}}, {"model": "blog.stuff", "pk": 2, "fields": {"title": "Прогулка 31.01.2026", "link": "https://disk.yandex.ru/i/TranIJ46WYDTGQ"}}, {"model": "blog.feedback", "pk": 1, "fields": {"first_name": "Артём", "last_name": "Самуйлов", "email": "sm.art88@yandex.ru", "message": "Тест1", "complete": true}}, {"model": "blog.feedback", "pk": 2, "fields": {"first_name": "Артём", "last_name": "Самуйлов", "email": "sm.art88@yandex.ru", "message": "тест3", "complete": true}}, {"model": "blog.feedback", "pk": 3, "fields": {"first_name": "Артём", "last_name": "Самуйлов", "email": "sm.art88@yandex.ru", "message": "test4", "complete": true}}, {"model": "blog.feedback", "pk": 4, "fields": {"first_name": "Артём", "last_name": "Самуйлов", "email": "sm.art88@yandex.ru", "message": "test5", "complete": true}}, {"model": "blog.feedback", "pk": 5, "fields": {"first_name": "Артём", "last_name": "Самуйлов", "email": "sm.art88@yandex.ru", "message": "ewf", "complete": true}}, {"model": "blog.feedback", "pk": 6, "fields": {"first_name": "Артём", "last_name": "Самуйлов", "email": "sm.art88@yandex.ru", "message": "тест скрытых паролей", "complete": false}}, {"model": "blog.feedback", "pk": 7, "fields": {"first_name": "Артём", "last_name": "Самуйлов", "email": "sm.art88@yandex.ru", "message": "test", "complete": false}}, {"model": "blog.sitedescriptions", "pk": 1, "fields": {"title": "О сайте", "content": "Сайт создан при помощи фреймворка Django 6.0.1, и используется в качестве портфолио.\r\n\r\nОсновной функционал - размещение и просмотр постов в виде заголовка и текста с картинкой. Сайт работает с базой данных PostgreSQL 18, где реализованы все виды связей между таблицами:\r\n\r\n- многие к одному (таблица `blog_posts` связана с таблицами `users_user`, `blog_category`),\r\n- многие ко многим (таблица `blog_posts` связана с таблицей `blog_tagpost`),\r\n- один ко одному (таблица `blog_posts` связана с таблицей `blog_stuff`, которая в шаблонах временно не отображается).\r\n\r\nВнутри проекта реализовано два приложения:\r\n\r\n- \"blog\" описывает логику работу с непосредственно с постами,\r\n- \"users\" - логику регистрации, аутентификации, авторизации пользователей.\r\n\r\nНа главной странице сайта размещаются посты с настроенной пагинацией и кэшированием на уровне представления, где видны заголовок, картинка, текст, автор и дата обновления. Внутри поста - более подробная информация, которая может включать в себя кликабельные теги и дополнительные материалы (последние временно не отображаются). Слева представлены возможные категории постов, сверху имеется отдельный строгий поиск по заголовку, тексту, автору и категориям. В меню сайта зарегистрированному пользователю представлена возможность создания собственного поста. Вход и регистрация расположены в правой части меню. Так же имеются функции редактирования профиля, смены пароля, сброса пароля через электронную почту, входа на сайт через GitHub. На большинстве форм для заполнения имеется поле с капчей.\r\n\r\nСайт работает через протокол https, сертификат получен на … , автоматическое продление с помощью … ."}}, {"model": "blog.sitedescriptions", "pk": 2, "fields": {"title": "Об авторе", "content": "Здравствуйте! Меня зовут Артём, я создал этот сайт в качестве портфолио к своему резюме. \r\n\r\nВ 2010 году окончил Смоленский Государственный Университет со специальностью \"учитель физики и информатики\", после чего год служил в армии, где основными обязанностями являлось развёртывание техники для обеспечения связи между подразделениями, дежурства на узле связи, поддержание аппаратуры в рабочем состоянии. С 2011 по настоящее время работал в разных отраслях, не связанных с программированием, но связанных с компьютерной техникой, её настройкой и ремонтом. \r\n\r\nС 2024 года начал изучать Python и смежные с разработкой темы. На настоящий момент работаю в банке в поддержке пользователей, хочу сменить род деятельности, заниматься программированием."}}, {"model": "blog.certificates", "pk": 1, "fields": {"title": "Основы Python", "year": "2024-11-21", "url": "https://stepik.org/cert/2658927", "image": "certificates/cert_pyth.png"}}, {"model": "blog.certificates", "pk": 2, "fields": {"title": "Python ООП", "year": "2025-04-07", "url": "https://stepik.org/cert/2812494", "image": "certificates/cert_pythoop.png"}}, {"model": "blog.certificates", "pk": 3, "fields": {"title": "Django + Docker", "year": "2025-08-07", "url": "https://stepik.org/cert/2931099", "image": "certificates/cert_django.jpg"}}, {"model": "blog.certificates", "pk": 4, "fields": {"title": "Git и GitHub", "year": "2025-09-22", "url": "https://stepik.org/cert/2965429", "image": "certificates/cert_git.jpg"}}, {"model": "blog.certificates", "pk": 5, "fields": {"title": "Терминал Linux", "year": "2025-10-23", "url": "https://stepik.org/cert/3000069", "image": "certificates/cert_linux.png"}}, {"model": "blog.certificates", "pk": 6, "fields": {"title": "Regex в Python", "year": "2025-12-19", "url": "https://stepik.org/cert/3074967", "image": "certificates/cert_regex.jpg"}}, {"model": "blog.certificates", "pk": 7, "fields": {"title": "SQL", "year": "2025-12-29", "url": "https://stepik.org/cert/3086624", "image": "certificates/cert_sql.png"}}, {"model": "users.user", "pk": 1, "fields": {"password": "pbkdf2_sha256$1200000$ghyDZgWfUEcGiV883akNrN$WYT5nnl8G94h4udzNQKE2xnfo5JW4olmxtx8rVY8R+Y=", "last_login": "2026-04-09T06:56:25.429Z", "is_superuser": true, "username": "root", "first_name": "root", "last_name": "rootoff", "is_staff": true, "is_active": true, "date_joined": "2026-03-11T07:38:56Z", "email": "yndx-sm-art@yandex.ru", "photo": "", "date_birth": null, "groups": [], "user_permissions": []}}, {"model": "users.user", "pk": 2, "fields": {"password": "pbkdf2_sha256$1200000$hUZTWzQ8TJhcO9SAT5EmY2$gWm49moNNvXi64aGlzs7eYIkni9cdwEb8kgBY3Euuas=", "last_login": "2026-03-24T10:49:26Z", "is_superuser": false, "username": "ArtemYandexTest", "first_name": "Артём", "last_name": "Самуйлов", "is_staff": false, "is_active": true, "date_joined": "2026-03-11T07:56:04Z", "email": "sm.art88@yandex.ru", "photo": "users/2026/03/11/2026-01-16_18-09-41.JPG", "date_birth": "1988-07-18T00:00:00Z", "groups": [], "user_permissions": []}}, {"model": "users.user", "pk": 3, "fields": {"password": "pbkdf2_sha256$1200000$3YdK497qJPpVGUcfSXGOY9$ZxclU0Ke3zBdVYwgSkPqY87zFXzp4UZ/hSR0R6PM06k=", "last_login": "2026-03-24T07:10:03.589Z", "is_superuser": false, "username": "test1", "first_name": "Артём", "last_name": "Самуйлов", "is_staff": false, "is_active": true, "date_joined": "2026-03-11T13:03:27.985Z", "email": "test1@mail.ru", "photo": "", "date_birth": null, "groups": [], "user_permissions": []}}, {"model": "users.user", "pk": 5, "fields": {"password": "pbkdf2_sha256$1200000$Q2EyDIQsS4A9fY6CMR6D7o$wLuMuZtxPXqCnPx0M0rJUVzYhm0eIy3hqnLmcHy0Jao=", "last_login": null, "is_superuser": false, "username": "test6", "first_name": "Артём", "last_name": "Самуйлов", "is_staff": false, "is_active": true, "date_joined": "2026-03-17T13:52:36.936Z", "email": "test6@mail.ru", "photo": "", "date_birth": null, "groups": [], "user_permissions": []}}, {"model": "users.user", "pk": 6, "fields": {"password": "pbkdf2_sha256$1200000$tAoo3aqJe9mTWGPxrWN3eX$Y3v+1caX/xkLpcEXNEAxkpEAAut4yDAtQ8CRFum8Ke0=", "last_login": "2026-04-09T14:42:36.525Z", "is_superuser": true, "username": "sm_art", "first_name": "Артём", "last_name": "Самуйлов", "is_staff": true, "is_active": true, "date_joined": "2026-03-18T06:53:37Z", "email": "almostem@mail.ru", "photo": "", "date_birth": "1988-07-18T00:00:00Z", "groups": [], "user_permissions": []}}, {"model": "captcha.captchastore", "pk": 196, "fields": {"challenge": "CLCK", "response": "clck", "hashkey": "81982f78cc555025838c584213d0f0bebde1e3d2", "expiration": "2026-04-09T10:16:50.950Z"}}, {"model": "captcha.captchastore", "pk": 198, "fields": {"challenge": "MYNE", "response": "myne", "hashkey": "f4eb923970b9b8fd2ad4e83f630b4814a2bf8cf2", "expiration": "2026-04-09T10:21:11.372Z"}}, {"model": "captcha.captchastore", "pk": 200, "fields": {"challenge": "NDCJ", "response": "ndcj", "hashkey": "9d838cdd15e2fc9a8f3ff819721424df59466290", "expiration": "2026-04-09T13:29:25.541Z"}}, {"model": "captcha.captchastore", "pk": 201, "fields": {"challenge": "JLVZ", "response": "jlvz", "hashkey": "3f63d780a1e91199d3637def0c987f1c3948f14f", "expiration": "2026-04-09T14:44:50.865Z"}}, {"model": "sites.site", "pk": 1, "fields": {"domain": "samblog.ru", "name": "samblog.ru"}}]
